{"count": 10, "results": [{"id": 1, "type": "challenge", "location": "70f6212aa60bee3f995159db3c1bdcd4/flag01_enc.bin", "challenge_id": 15, "page_id": null}, {"id": 2, "type": "challenge", "location": "19b51ed1fec788db45c046acd934357f/dechiffre_02", "challenge_id": 16, "page_id": null}, {"id": 3, "type": "challenge", "location": "9a90af27e2e78e23e3a6330758e7d6cf/dechiffre_03", "challenge_id": 17, "page_id": null}, {"id": 4, "type": "challenge", "location": "32790a68dd64f2d8afd4b009b59cb4d8/flag11.zip", "challenge_id": 9, "page_id": null}, {"id": 5, "type": "challenge", "location": "1357601fb20ddec57dc192a7f673b167/flag12.tar", "challenge_id": 10, "page_id": null}, {"id": 6, "type": "challenge", "location": "4b84850df58d705332e03a1723fc568d/flag01.gz.pcapng", "challenge_id": 18, "page_id": null}, {"id": 7, "type": "challenge", "location": "82a8c3855f87927a419edec4fb1c9d11/flag02.gz.pcapng", "challenge_id": 19, "page_id": null}, {"id": 8, "type": "challenge", "location": "15264042200180e2da2f6b4fd4bcfa45/flag03.gz.pcapng", "challenge_id": 20, "page_id": null}, {"id": 9, "type": "challenge", "location": "4cce69cd0006554de7060bc8f99247c1/flag04.gz.pcapng", "challenge_id": 21, "page_id": null}, {"id": 10, "type": "challenge", "location": "bf14a5ce66f07393d0bc3e730a2afa76/flag05.gz.pcapng", "challenge_id": 22, "page_id": null}], "meta": {}}