{"count": 8, "results": [
    {
        "challenge_id": 4,
        "id": 1,
        "location": "ctf-net-pcap/flag01.gz.pcapng",
        "page_id": null,
        "type": "challenge"
    },
    {
        "challenge_id": 5,
        "id": 2,
        "location": "ctf-net-pcap/flag02.gz.pcapng",
        "page_id": null,
        "type": "challenge"
    },
    {
        "challenge_id": 6,
        "id": 3,
        "location": "ctf-net-pcap/flag03.gz.pcapng",
        "page_id": null,
        "type": "challenge"
    },
    {
        "challenge_id": 7,
        "id": 4,
        "location": "ctf-net-pcap/flag03.gz.pcapng",
        "page_id": null,
        "type": "challenge"
    },
    {
        "challenge_id": 8,
        "id": 5,
        "location": "ctf-net-pcap/flag04.gz.pcapng",
        "page_id": null,
        "type": "challenge"
    },
    {
        "challenge_id": 9,
        "id": 6,
        "location": "ctf-transfert/flag01_enc.bin",
        "page_id": null,
        "type": "challenge"
    },
    {
        "challenge_id": 10,
        "id": 7,
        "location": "ctf-transfert/dechiffre_02",
        "page_id": null,
        "type": "challenge"
    },
    {
        "challenge_id": 11,
        "id": 8,
        "location": "ctf-transfert/dechiffre_03",
        "page_id": null,
        "type": "challenge"
    }
], "meta": {}}