{"count": 25, "results": [
    {
        "challenge_id": 1,
        "content": "flag{T0uj0urs_f1ltr3r_l3s_1nputs}",
        "data": "",
        "id": 1,
        "type": "static"
    },
    {
        "challenge_id": 2,
        "content": "flag_S3ri3ux_m4n_f4ut_f1ltr3r_l3s_1nputs",
        "data": "",
        "id": 2,
        "type": "static"
    },
    {
        "challenge_id": 3,
        "content": "flag_P0wn3d_Y0L0",
        "data": "",
        "id": 3,
        "type": "static"
    },
    {
        "challenge_id": 4,
        "content": "flag01{c_3st_p4s_b0_d_3c0ut3r_4ux_p0rtes}",
        "data": "",
        "id": 4,
        "type": "static"
    },
    {
        "challenge_id": 5,
        "content": "flag_02_telnet_c_pas_net",
        "data": "",
        "id": 5,
        "type": "static"
    },
    {
        "challenge_id": 6,
        "content": "flag03{3v1t3r_l3s_tr4nsf3rts_n0n_ch1ffr3s}",
        "data": "",
        "id": 6,
        "type": "static"
    },
    {
        "challenge_id": 7,
        "content": "flag03{3v1t3r_l3s_tr4nsf3rts_n0n_ch1ffr3s}",
        "data": "",
        "id": 7,
        "type": "static"
    },
    {
        "challenge_id": 8,
        "content": "flag04{3v1t3r_VR41M3NT_l3s_tr4nsf3rts_n0n_ch1ffr3s_S3RI3UX}",
        "data": "",
        "id": 8,
        "type": "static"
    },
    {
        "challenge_id": 9,
        "content": "flag01{3t_j3_t4p3_t4p3_t4p3}",
        "data": "",
        "id": 9,
        "type": "static"
    },
    {
        "challenge_id": 10,
        "content": "flag02{P1us_c_3st_GR0S_p1us_c4_p4ss3}",
        "data": "",
        "id": 10,
        "type": "static"
    },
    {
        "challenge_id": 11,
        "content": "flag03{0n_n_3st_j4m41s_4uss1_b1en_s3rvi_qu3_p4r_s01_m3m3}",
        "data": "",
        "id": 11,
        "type": "static"
    },
    {
        "challenge_id": 12,
        "content": "flag001{F1rst_FLAG5_L1v3_F0R3v3R}",
        "data": "",
        "id": 12,
        "type": "static"
    },
    {
        "challenge_id": 13,
        "content": "flag02{l_3sp01r_c_3st_c0mm3_l3s_d0m1n0s}",
        "data": "",
        "id": 13,
        "type": "static"
    },
    {
        "challenge_id": 14,
        "content": "flag03{j3_su1s_un_b1d0n_d_3ss3nc3_av3c_un3_4llum3tt3}",
        "data": "",
        "id": 14,
        "type": "static"
    },
    {
        "challenge_id": 15,
        "content": "flag_{m0n_pr3m13r_fl4g}",
        "data": "",
        "id": 15,
        "type": "static"
    },
    {
        "challenge_id": 16,
        "content": "flag001{F1rst_FLAG5_L1v3_F0R3v3R}",
        "data": "",
        "id": 16,
        "type": "static"
    },
    {
        "challenge_id": 17,
        "content": "flag02{pOur_v1vr3_h3ur3ux_v1v0ns_cach3s}",
        "data": "",
        "id": 17,
        "type": "static"
    },
    {
        "challenge_id": 18,
        "content": "flag03{C_p4s_m4l_ch3z_t01}",
        "data": "",
        "id": 18,
        "type": "static"
    },
    {
        "challenge_id": 19,
        "content": "flag04{M4y_th3_f0rc3_b3_w1th_y0u}",
        "data": "",
        "id": 19,
        "type": "static"
    },
    {
        "challenge_id": 20,
        "content": "flag05{Qu3_l4_f0rc3_s01t_4v3c_t01}",
        "data": "",
        "id": 20,
        "type": "static"
    },
    {
        "challenge_id": 21,
        "content": "flag06{a40053051c978701fa8bb66f110fc487}",
        "data": "",
        "id": 21,
        "type": "static"
    },
    {
        "challenge_id": 22,
        "content": "flag07{4_v0s_1ntu1t10ns_v0us_f13r_1l_f4ut}",
        "data": "",
        "id": 22,
        "type": "static"
    },
    {
        "challenge_id": 23,
        "content": "flag10{Un3_41gu1ll3_d4ns_un3_b0tt3_d3_f01n}",
        "data": "",
        "id": 23,
        "type": "static"
    },
    {
        "challenge_id": 24,
        "content": "flag11{3mb4ll3z_c_3st_p3s3}",
        "data": "",
        "id": 24,
        "type": "static"
    },
    {
        "challenge_id": 25,
        "content": "flag12{D3t4rr3r_d3s_t4r3s}",
        "data": "",
        "id": 25,
        "type": "static"
    }
], "meta": {}}