{"count": 18, "results": [{"id": 1, "challenge_id": 1, "type": "static", "content": "flag001{F1rst_FLAG5_L1v3_F0R3v3R}", "data": ""}, {"id": 2, "challenge_id": 2, "type": "static", "content": "flag002{P0ur_v1vr3_h3ur3ux_v1v0ns_cach3s}", "data": ""}, {"id": 3, "challenge_id": 3, "type": "static", "content": "flag003{V13ns_ch3z_m01}", "data": null}, {"id": 4, "challenge_id": 4, "type": "static", "content": "flag04{M4y_th3_f0rc3_b3_w1th_y0u}", "data": null}, {"id": 5, "challenge_id": 4, "type": "static", "content": "flag05{Qu3_l4_f0rc3_s01t_4v3c_t01}", "data": null}, {"id": 6, "challenge_id": 5, "type": "static", "content": "flag06{a40053051c978701fa8bb66f110fc487}", "data": null}, {"id": 7, "challenge_id": 6, "type": "static", "content": "flag07{4_v0s_1ntu1t10ns_v0us_f13r_1l_f4ut}", "data": null}, {"id": 8, "challenge_id": 7, "type": "static", "content": "flag09{4ut4nt_3mbr4c3r_un_w00k13}", "data": null}, {"id": 9, "challenge_id": 8, "type": "static", "content": "flag10{Un3_41gu1ll3_d4ns_un3_b0tt3_d3_f01n}", "data": null}, {"id": 10, "challenge_id": 9, "type": "static", "content": "flag11{3mb4ll3z_c_3st_p3s3}", "data": null}, {"id": 11, "challenge_id": 10, "type": "static", "content": "flag12{D3t4rr3r_d3s_t4r3s}", "data": null}, {"id": 12, "challenge_id": 11, "type": "static", "content": "flag01{1nc0nsc13nte_c4pr1c13us3_sup3rf1c13ll3}", "data": null}, {"id": 13, "challenge_id": 12, "type": "static", "content": "flag02{l_3sp01r_c_3st_c0mm3_l3s_d0m1n0s}", "data": null}, {"id": 14, "challenge_id": 13, "type": "static", "content": "flag03{j3_su1s_un_b1d0n_d_3ss3nc3_av3c_un3_4llum3tt3}", "data": null}, {"id": 15, "challenge_id": 14, "type": "static", "content": "flag04{sup3r_j_4im3_l3s_f3ux_d3_j01e}", "data": null}, {"id": 16, "challenge_id": 15, "type": "static", "content": "flag01{3t_j3_t4p3_t4p3_t4p3}", "data": null}, {"id": 17, "challenge_id": 16, "type": "static", "content": "flag02{P1us_c_3st_GR0S_p1us_c4_p4ss3}", "data": null}, {"id": 18, "challenge_id": 17, "type": "static", "content": "flag03{0n_n_3st_j4m41s_4uss1_b1en_s3rvi_qu3_p4r_s01_m3m3}", "data": null}], "meta": {}}